sample_id,threshold_dbfs,energy_activity_ratio,energy_silence_ratio,pause_count,mean_pause_duration_s,max_pause_duration_s
Before,-55,0.6703107467896771,0.32968925321032294,164,0.8153658536585365,7.24
Before,-50,0.5800788555043012,0.41992114449569884,175,1.0197714285714286,8.78
Before,-45,0.5031324024435856,0.4968675975564144,176,1.2215909090909092,13.5
Before,-40,0.4339779952624361,0.5660220047375639,169,1.4281656804733727,15.9
Before,-35,0.35613545692557036,0.6438645430744296,188,1.4434042553191493,17.88
After,-55,0.43177865567124296,0.568221344328757,297,0.6684848484848485,10.62
After,-50,0.20666808716483923,0.7933319128351608,324,0.9690123456790123,11.82
After,-45,0.05226089560490187,0.9477391043950981,179,2.3115083798882683,35.42
After,-40,0.004966944623606376,0.9950330553763936,42,10.625714285714286,115.12
After,-35,0.00030233575969777944,0.9996976642403023,4,68.46000000000001,129.02
