condition,model,fold,train_n,test_n,balanced_accuracy,macro_f1,low_f1,medium_f1,high_f1,delta_full_balanced_accuracy,delta_full_macro_f1,delta_full_low_f1,delta_full_medium_f1,delta_full_high_f1
A_full,majority,1,480,120,0.3333333333333333,0.1932938856015779,0.0,0.5798816568047337,0.0,0.0,0.0,0.0,0.0,0.0
A_full,majority,2,480,120,0.3333333333333333,0.1932938856015779,0.0,0.5798816568047337,0.0,0.0,0.0,0.0,0.0,0.0
A_full,majority,3,480,120,0.3333333333333333,0.19047619047619047,0.0,0.5714285714285714,0.0,0.0,0.0,0.0,0.0,0.0
A_full,majority,4,480,120,0.3333333333333333,0.19047619047619047,0.0,0.5714285714285714,0.0,0.0,0.0,0.0,0.0,0.0
A_full,majority,5,480,120,0.3333333333333333,0.19047619047619047,0.0,0.5714285714285714,0.0,0.0,0.0,0.0,0.0,0.0
A_full,logistic,1,480,120,0.6939484126984127,0.6818279569892473,0.6933333333333334,0.6021505376344086,0.75,0.0,0.0,0.0,0.0,0.0
A_full,logistic,2,480,120,0.7320011337868481,0.7199625993454886,0.6666666666666666,0.6236559139784946,0.8695652173913043,0.0,0.0,0.0,0.0,0.0
A_full,logistic,3,480,120,0.6612762237762239,0.6713116150235529,0.6578947368421053,0.6019417475728155,0.7540983606557377,0.0,0.0,0.0,0.0,0.0
A_full,logistic,4,480,120,0.728923853923854,0.7271598968407479,0.725,0.6382978723404256,0.8181818181818182,0.0,0.0,0.0,0.0,0.0
A_full,logistic,5,480,120,0.7659722222222222,0.749974943292715,0.725,0.651685393258427,0.8732394366197183,0.0,0.0,0.0,0.0,0.0
A_full,random_forest,1,480,120,0.7537284144427002,0.7494876299224126,0.75,0.6868686868686869,0.8115942028985508,0.0,0.0,0.0,0.0,0.0
A_full,random_forest,2,480,120,0.7948445403802546,0.7912329508917995,0.7733333333333333,0.7346938775510204,0.8656716417910447,0.0,0.0,0.0,0.0,0.0
A_full,random_forest,3,480,120,0.7711247086247086,0.7815768509238558,0.7352941176470589,0.7522935779816514,0.8571428571428571,0.0,0.0,0.0,0.0,0.0
A_full,random_forest,4,480,120,0.7776320901320902,0.7833878469203274,0.7951807228915663,0.7216494845360825,0.8333333333333334,0.0,0.0,0.0,0.0,0.0
A_full,random_forest,5,480,120,0.8104166666666667,0.8161465916176871,0.8051948051948052,0.7722772277227723,0.8709677419354839,0.0,0.0,0.0,0.0,0.0
B_egemaps_only,majority,1,480,120,0.3333333333333333,0.1932938856015779,0.0,0.5798816568047337,0.0,0.0,0.0,0.0,0.0,0.0
B_egemaps_only,majority,2,480,120,0.3333333333333333,0.1932938856015779,0.0,0.5798816568047337,0.0,0.0,0.0,0.0,0.0,0.0
B_egemaps_only,majority,3,480,120,0.3333333333333333,0.19047619047619047,0.0,0.5714285714285714,0.0,0.0,0.0,0.0,0.0,0.0
B_egemaps_only,majority,4,480,120,0.3333333333333333,0.19047619047619047,0.0,0.5714285714285714,0.0,0.0,0.0,0.0,0.0,0.0
B_egemaps_only,majority,5,480,120,0.3333333333333333,0.19047619047619047,0.0,0.5714285714285714,0.0,0.0,0.0,0.0,0.0,0.0
B_egemaps_only,logistic,1,480,120,0.6939484126984127,0.6818279569892473,0.6933333333333334,0.6021505376344086,0.75,0.0,0.0,0.0,0.0,0.0
B_egemaps_only,logistic,2,480,120,0.7438622885051457,0.7350115691666566,0.6756756756756757,0.6597938144329897,0.8695652173913043,0.011861154718297628,0.01504896982116799,0.009009009009009028,0.03613790045449505,0.0
B_egemaps_only,logistic,3,480,120,0.7172202797202797,0.7215240277095947,0.7,0.6391752577319587,0.8253968253968254,0.055944055944055826,0.05021241268604182,0.042105263157894646,0.037233510159143224,0.0712984647410877
B_egemaps_only,logistic,4,480,120,0.7273698523698524,0.7263462043603889,0.7407407407407407,0.6382978723404256,0.8,-0.0015540015540015384,-0.0008136924803590073,0.015740740740740722,0.0,-0.018181818181818188
B_egemaps_only,logistic,5,480,120,0.7819444444444444,0.7641456582633053,0.7764705882352941,0.6588235294117647,0.8571428571428571,0.015972222222222276,0.014170714970590303,0.05147058823529416,0.007138136153337693,-0.01609657947686116
B_egemaps_only,random_forest,1,480,120,0.748669980812838,0.7397244538830899,0.7567567567567568,0.6736842105263158,0.7887323943661971,-0.005058433629862247,-0.00976317603932264,0.006756756756756799,-0.013184476342371076,-0.022861808532353645
B_egemaps_only,random_forest,2,480,120,0.787742019884877,0.7916666666666666,0.75,0.75,0.875,-0.007102520495377629,0.0004337157748671716,-0.023333333333333317,0.015306122448979553,0.009328358208955279
B_egemaps_only,random_forest,3,480,120,0.7603923853923854,0.7676782919740667,0.704225352112676,0.7238095238095238,0.875,-0.010732323232323204,-0.013898558949789086,-0.03106876553438287,-0.028484054172127626,0.017857142857142905
B_egemaps_only,random_forest,4,480,120,0.7365481740481741,0.7446722205320765,0.7469879518072289,0.673469387755102,0.8135593220338984,-0.04108391608391615,-0.03871562638825088,-0.048192771084337394,-0.04818009678098045,-0.019774011299435013
B_egemaps_only,random_forest,5,480,120,0.8097222222222222,0.8150452613567367,0.825,0.7676767676767676,0.8524590163934426,-0.000694444444444442,-0.0011013302609503839,0.019805194805194715,-0.004600460046004673,-0.018508725542041304
C_no_duration,majority,1,480,120,0.3333333333333333,0.1932938856015779,0.0,0.5798816568047337,0.0,0.0,0.0,0.0,0.0,0.0
C_no_duration,majority,2,480,120,0.3333333333333333,0.1932938856015779,0.0,0.5798816568047337,0.0,0.0,0.0,0.0,0.0,0.0
C_no_duration,majority,3,480,120,0.3333333333333333,0.19047619047619047,0.0,0.5714285714285714,0.0,0.0,0.0,0.0,0.0,0.0
C_no_duration,majority,4,480,120,0.3333333333333333,0.19047619047619047,0.0,0.5714285714285714,0.0,0.0,0.0,0.0,0.0,0.0
C_no_duration,majority,5,480,120,0.3333333333333333,0.19047619047619047,0.0,0.5714285714285714,0.0,0.0,0.0,0.0,0.0,0.0
C_no_duration,logistic,1,480,120,0.6838315454386882,0.6623334314591306,0.7088607594936709,0.5581395348837209,0.72,-0.010116867259724494,-0.019494525530116658,0.015527426160337532,-0.0440110027506877,-0.030000000000000027
C_no_duration,logistic,2,480,120,0.7217098377812663,0.7115217391304348,0.64,0.625,0.8695652173913043,-0.010291296005581763,-0.008440860215053747,-0.026666666666666616,0.0013440860215053752,0.0
C_no_duration,logistic,3,480,120,0.7024087024087023,0.709425191948537,0.7341772151898734,0.64,0.7540983606557377,0.041132478632478486,0.03811357692498418,0.07628247834776813,0.038058252427184525,0.0
C_no_duration,logistic,4,480,120,0.7545648795648795,0.7495356049572918,0.7710843373493976,0.6593406593406593,0.8181818181818182,0.02564102564102555,0.02237570811654388,0.04608433734939765,0.021042787000233765,0.0
C_no_duration,logistic,5,480,120,0.7743055555555555,0.7576903621504559,0.7407407407407407,0.6590909090909091,0.8732394366197183,0.008333333333333304,0.007715418857740963,0.015740740740740722,0.007405515832482057,0.0
C_no_duration,random_forest,1,480,120,0.7640197104482819,0.7569176474371342,0.7945205479452054,0.6875,0.7887323943661971,0.010291296005581652,0.00743001751472161,0.044520547945205435,0.0006313131313131493,-0.022861808532353645
C_no_duration,random_forest,2,480,120,0.7894863073434503,0.7922849319908144,0.7567567567567568,0.7450980392156863,0.875,-0.005358233036804383,0.0010519810990149425,-0.01657657657657652,0.010404161664665845,0.009328358208955279
C_no_duration,random_forest,3,480,120,0.7844308469308469,0.7928716387620497,0.7397260273972602,0.75,0.8888888888888888,0.013306138306138249,0.011294787838193932,0.004431909750201357,-0.002293577981651418,0.031746031746031744
C_no_duration,random_forest,4,480,120,0.7248445998445998,0.735703838583092,0.7407407407407407,0.6732673267326733,0.7931034482758621,-0.05278749028749041,-0.047684008337235406,-0.05443998215082557,-0.048382157803409154,-0.04022988505747127
C_no_duration,random_forest,5,480,120,0.7791666666666667,0.7849105812220567,0.775,0.7272727272727273,0.8524590163934426,-0.03125,-0.031236010395630398,-0.03019480519480522,-0.045004500450045004,-0.018508725542041304
D_duration_only,majority,1,480,120,0.3333333333333333,0.1932938856015779,0.0,0.5798816568047337,0.0,0.0,0.0,0.0,0.0,0.0
D_duration_only,majority,2,480,120,0.3333333333333333,0.1932938856015779,0.0,0.5798816568047337,0.0,0.0,0.0,0.0,0.0,0.0
D_duration_only,majority,3,480,120,0.3333333333333333,0.19047619047619047,0.0,0.5714285714285714,0.0,0.0,0.0,0.0,0.0,0.0
D_duration_only,majority,4,480,120,0.3333333333333333,0.19047619047619047,0.0,0.5714285714285714,0.0,0.0,0.0,0.0,0.0,0.0
D_duration_only,majority,5,480,120,0.3333333333333333,0.19047619047619047,0.0,0.5714285714285714,0.0,0.0,0.0,0.0,0.0,0.0
D_duration_only,logistic,1,480,120,0.5639717425431711,0.5378175109975876,0.6666666666666666,0.3950617283950617,0.5517241379310345,-0.1299766701552416,-0.14401044599165969,-0.026666666666666727,-0.20708880923934692,-0.19827586206896552
D_duration_only,logistic,2,480,120,0.6017737223094366,0.5663498148437908,0.6746987951807228,0.375,0.6493506493506493,-0.13022741147741146,-0.1536127845016978,0.008032128514056214,-0.24865591397849462,-0.22021456804065498
D_duration_only,logistic,3,480,120,0.538412975912976,0.5194833387604472,0.5945945945945946,0.40963855421686746,0.5542168674698795,-0.12286324786324787,-0.1518282762631057,-0.06330014224751068,-0.19230319335594803,-0.19988149318585813
D_duration_only,logistic,4,480,120,0.5523504273504273,0.5396900396900398,0.6153846153846154,0.4090909090909091,0.5945945945945946,-0.17657342657342667,-0.18746985715070807,-0.10961538461538456,-0.22920696324951645,-0.2235872235872236
D_duration_only,logistic,5,480,120,0.5888888888888889,0.5783670033670033,0.725,0.45454545454545453,0.5555555555555556,-0.17708333333333326,-0.17160793992571166,0.0,-0.19713993871297247,-0.3176838810641627
D_duration_only,random_forest,1,480,120,0.5447082679225536,0.5278895404554673,0.5753424657534246,0.46511627906976744,0.5432098765432098,-0.20902014652014667,-0.22159808946694526,-0.17465753424657537,-0.22175240779891942,-0.26838432635534093
D_duration_only,random_forest,2,480,120,0.5868927699284842,0.5760111631404541,0.6829268292682927,0.4943820224719101,0.5507246376811594,-0.2079517704517705,-0.21522178775134537,-0.09040650406504058,-0.24031185507911035,-0.3149470041098853
D_duration_only,random_forest,3,480,120,0.5092754467754468,0.511297852474323,0.5294117647058824,0.49019607843137253,0.5142857142857142,-0.2618492618492618,-0.27027899844953274,-0.20588235294117652,-0.2620974995502789,-0.34285714285714286
D_duration_only,random_forest,4,480,120,0.553564491064491,0.5615251565106917,0.5714285714285714,0.49019607843137253,0.6229508196721312,-0.2240675990675992,-0.2218626904096357,-0.22375215146299487,-0.23145340610470994,-0.2103825136612022
D_duration_only,random_forest,5,480,120,0.5006944444444444,0.49286626528005834,0.6436781609195402,0.4222222222222222,0.4126984126984127,-0.30972222222222223,-0.32328032633762877,-0.16151664427526502,-0.3500550055005501,-0.4582693292370712
E_rms_only,majority,1,480,120,0.3333333333333333,0.1932938856015779,0.0,0.5798816568047337,0.0,0.0,0.0,0.0,0.0,0.0
E_rms_only,majority,2,480,120,0.3333333333333333,0.1932938856015779,0.0,0.5798816568047337,0.0,0.0,0.0,0.0,0.0,0.0
E_rms_only,majority,3,480,120,0.3333333333333333,0.19047619047619047,0.0,0.5714285714285714,0.0,0.0,0.0,0.0,0.0,0.0
E_rms_only,majority,4,480,120,0.3333333333333333,0.19047619047619047,0.0,0.5714285714285714,0.0,0.0,0.0,0.0,0.0,0.0
E_rms_only,majority,5,480,120,0.3333333333333333,0.19047619047619047,0.0,0.5714285714285714,0.0,0.0,0.0,0.0,0.0,0.0
E_rms_only,logistic,1,480,120,0.49768881911739055,0.41853315766359245,0.5434782608695652,0.16666666666666666,0.5454545454545454,-0.19625959358102213,-0.2632947993256548,-0.14985507246376817,-0.435483870967742,-0.20454545454545459
E_rms_only,logistic,2,480,120,0.4230278649921508,0.3727304861981426,0.5217391304347826,0.18181818181818182,0.4146341463414634,-0.3089732687946973,-0.347232113147346,-0.14492753623188404,-0.4418377321603128,-0.45493107104984093
E_rms_only,logistic,3,480,120,0.4744075369075369,0.41790878754171307,0.5376344086021505,0.23333333333333334,0.4827586206896552,-0.18686868686868696,-0.2534028274818398,-0.1202603282399548,-0.36860841423948215,-0.27133973996608246
E_rms_only,logistic,4,480,120,0.4333236208236208,0.37427372721125046,0.4742268041237113,0.16666666666666666,0.4819277108433735,-0.29560023310023315,-0.3528861696294974,-0.25077319587628866,-0.47163120567375894,-0.33625410733844474
E_rms_only,logistic,5,480,120,0.48680555555555555,0.4417728004684527,0.5656565656565656,0.2318840579710145,0.5277777777777778,-0.2791666666666666,-0.3082021428242623,-0.15934343434343434,-0.4198013352874125,-0.34546165884194047
E_rms_only,random_forest,1,480,120,0.4550736961451247,0.44931210451112474,0.36619718309859156,0.46,0.5217391304347826,-0.2986547182975755,-0.30017552541128784,-0.38380281690140844,-0.22686868686868683,-0.2898550724637682
E_rms_only,random_forest,2,480,120,0.4694041077969649,0.4564266977557563,0.410958904109589,0.3829787234042553,0.5753424657534246,-0.32544043258328975,-0.3348062531360432,-0.3623744292237443,-0.35171515414676513,-0.2903291760376201
E_rms_only,random_forest,3,480,120,0.4521173271173271,0.44744784201305937,0.425,0.3956043956043956,0.5217391304347826,-0.3190073815073815,-0.3341290089107964,-0.3102941176470589,-0.35668918237725583,-0.3354037267080745
E_rms_only,random_forest,4,480,120,0.48470279720279713,0.4755799755799755,0.5128205128205128,0.4523809523809524,0.46153846153846156,-0.2929292929292931,-0.30780787134035187,-0.2823602100710535,-0.2692685321551301,-0.3717948717948718
E_rms_only,random_forest,5,480,120,0.5111111111111112,0.5116943241943243,0.4675324675324675,0.5050505050505051,0.5625,-0.2993055555555555,-0.30445226742336284,-0.3376623376623377,-0.2672267226722672,-0.3084677419354839
