condition,model,n_features,n_recordings,balanced_accuracy,macro_f1,low_f1,medium_f1,high_f1,delta_full_balanced_accuracy,delta_full_macro_f1,delta_full_low_f1,delta_full_medium_f1,delta_full_high_f1
A_full,majority,92,600,0.3333333333333333,0.19160728424386383,0.0,0.5748218527315915,0.0,0.0,0.0,0.0,0.0,0.0
A_full,logistic,92,600,0.7160217928616198,0.7103760171888577,0.6940874035989717,0.6228813559322034,0.8141592920353983,0.0,0.0,0.0,0.0,0.0
A_full,random_forest,92,600,0.7812549670414027,0.7849374474608118,0.7733333333333333,0.7341269841269841,0.8473520249221184,0.0,0.0,0.0,0.0,0.0
B_egemaps_only,majority,88,600,0.3333333333333333,0.19160728424386383,0.0,0.5748218527315915,0.0,0.0,0.0,0.0,0.0,0.0
B_egemaps_only,logistic,88,600,0.7327389888717452,0.7261771057876908,0.7189873417721518,0.6394849785407726,0.8200589970501475,0.016717196010125335,0.015801088598833113,0.024899938173180147,0.01660362260856918,0.005899705014749235
B_egemaps_only,random_forest,88,600,0.7685520080902477,0.7721943343143773,0.7578947368421053,0.718562874251497,0.8401253918495298,-0.01270295895115503,-0.012743113146434504,-0.01543859649122803,-0.015564109875487064,-0.007226633072588529
C_no_duration,majority,91,600,0.3333333333333333,0.19160728424386383,0.0,0.5748218527315915,0.0,0.0,0.0,0.0,0.0,0.0
C_no_duration,logistic,91,600,0.7268724141018513,0.7188292705496601,0.7204030226700252,0.6290672451193059,0.8070175438596491,0.010850621240231506,0.008453253360802382,0.02631561907105351,0.0061858891871025,-0.007141748175749196
C_no_duration,random_forest,91,600,0.7681950751936322,0.7724676829965108,0.7611548556430446,0.7171314741035857,0.8391167192429022,-0.013059891847770566,-0.012469764464301036,-0.01217847769028868,-0.016995510023398386,-0.008235305679216154
D_duration_only,majority,1,600,0.3333333333333333,0.19160728424386383,0.0,0.5748218527315915,0.0,0.0,0.0,0.0,0.0,0.0
D_duration_only,logistic,1,600,0.5690115960678731,0.5486690768778466,0.6563307493540051,0.4095238095238095,0.5801526717557252,-0.14701019679374672,-0.16170694031101107,-0.03775665424496655,-0.21335754640839388,-0.23400662027967312
D_duration_only,random_forest,1,600,0.5391149521741153,0.5356894927356572,0.6046511627906976,0.47334754797441364,0.5290697674418605,-0.24214001486728742,-0.2492479547251546,-0.16868217054263568,-0.26077943615257043,-0.31828225748025785
E_rms_only,majority,3,600,0.3333333333333333,0.19160728424386383,0.0,0.5748218527315915,0.0,0.0,0.0,0.0,0.0,0.0
E_rms_only,logistic,3,600,0.46310368857266404,0.40521929505898796,0.5285412262156448,0.19682539682539682,0.49029126213592233,-0.2529181042889558,-0.3051567221298697,-0.1655461773833269,-0.4260559591068066,-0.32386802989947594
E_rms_only,random_forest,3,600,0.47438776551330664,0.46835928147640044,0.43799472295514513,0.44017094017094016,0.5269121813031161,-0.3068672015280961,-0.3165781659844114,-0.3353386103781882,-0.2939560439560439,-0.32043984361900224
