feature,Low,Medium,High
F0semitoneFrom27.5Hz_sma3nz_amean,-0.22306911298004678,-0.0676841782238633,0.2907532912039124
F0semitoneFrom27.5Hz_sma3nz_stddevNorm,0.6947753233419313,0.5097805588932091,-1.204555882235145
F0semitoneFrom27.5Hz_sma3nz_percentile20.0,0.7422067673357023,0.04325989818599276,-0.7854666655216953
F0semitoneFrom27.5Hz_sma3nz_percentile50.0,-0.3483701766920891,0.09376246352200965,0.2546077131700815
F0semitoneFrom27.5Hz_sma3nz_percentile80.0,-0.036223139284393246,-0.240457603363076,0.27668074264746867
F0semitoneFrom27.5Hz_sma3nz_pctlrange0-2,-0.6482199284170785,-0.28526820257188035,0.9334881309889568
F0semitoneFrom27.5Hz_sma3nz_meanRisingSlope,-0.012884804573804401,0.2628145514909995,-0.24992974691720068
F0semitoneFrom27.5Hz_sma3nz_stddevRisingSlope,-0.03294541039219041,-0.2582257257471211,0.2911711361393114
F0semitoneFrom27.5Hz_sma3nz_meanFallingSlope,-0.11261087407726826,-0.021132305381609283,0.13374317945887873
F0semitoneFrom27.5Hz_sma3nz_stddevFallingSlope,0.030866471081335913,-0.023949992157643454,-0.006916478923692189
loudness_sma3_amean,0.02796752504199857,-0.19105866933703003,0.16309114429503183
loudness_sma3_stddevNorm,-0.4220209190476542,0.5820571192137936,-0.16003620016614115
loudness_sma3_percentile20.0,0.015056372296015271,0.5618898196248594,-0.5769461919208739
loudness_sma3_percentile50.0,-0.5836292461591533,-0.06985481419056094,0.6534840603497135
loudness_sma3_percentile80.0,0.38944306600597933,-0.009024718649804815,-0.38041834735617475
loudness_sma3_pctlrange0-2,0.40018761598710423,-0.1008029947231784,-0.2993846212639302
loudness_sma3_meanRisingSlope,-1.148198147229124,0.06262438314551998,1.0855737640836067
loudness_sma3_stddevRisingSlope,0.2893206857138005,0.4154462998574201,-0.7047669855712175
loudness_sma3_meanFallingSlope,-0.7776776412140438,-0.5931678234576784,1.3708454646717247
loudness_sma3_stddevFallingSlope,-0.7066059729587931,0.07229165986013926,0.634314313098654
spectralFlux_sma3_amean,-0.3091747910507922,-0.5879885169034466,0.8971633079542344
spectralFlux_sma3_stddevNorm,-0.5367699272487771,0.06039496063031069,0.47637496661846657
mfcc1_sma3_amean,0.20930125435540556,-0.3922888788478319,0.1829876244924246
mfcc1_sma3_stddevNorm,0.005830829219184347,-0.0034250218055855474,-0.002405807413598327
mfcc2_sma3_amean,0.18434677976481223,0.06972748527747678,-0.25407426504229125
mfcc2_sma3_stddevNorm,-0.20014530608142506,-0.15585053818279102,0.35599584426421765
mfcc3_sma3_amean,-0.257424783140691,-0.07372829302866457,0.3311530761693541
mfcc3_sma3_stddevNorm,-0.071188414531625,-0.07763811070395261,0.14882652523557713
mfcc4_sma3_amean,-0.38481313644794607,-0.2802871747968709,0.6651003112448154
mfcc4_sma3_stddevNorm,-0.23814838579977254,0.08202348798533672,0.15612489781443462
jitterLocal_sma3nz_amean,-0.47655469940778533,0.5038505051010763,-0.027295805693292898
jitterLocal_sma3nz_stddevNorm,-0.015035840198660125,-0.24317832672244144,0.2582141669211015
shimmerLocaldB_sma3nz_amean,0.4560018943998301,0.1795674480368393,-0.6355693424366704
shimmerLocaldB_sma3nz_stddevNorm,0.30800281745979313,0.010237521825093772,-0.31824033928488676
HNRdBACF_sma3nz_amean,-0.3736144478039674,0.8309267494009397,-0.4573123015969728
HNRdBACF_sma3nz_stddevNorm,-0.3160004032390323,0.13133630868429053,0.18466409455474372
logRelF0-H1-H2_sma3nz_amean,0.19004474973342486,-0.13951032246867673,-0.0505344272647478
logRelF0-H1-H2_sma3nz_stddevNorm,-0.0976168930394006,-0.02366212723435514,0.1212790202737556
logRelF0-H1-A3_sma3nz_amean,0.40900325246619784,0.20742533752563178,-0.6164285899918328
logRelF0-H1-A3_sma3nz_stddevNorm,-0.6705364616589259,0.3212085404714098,0.34932792118751704
F1frequency_sma3nz_amean,-0.3914598022931135,0.3258758138574285,0.06558398843568351
F1frequency_sma3nz_stddevNorm,-0.3986178914007342,0.3507633210633411,0.04785457033739274
F1bandwidth_sma3nz_amean,-0.8517362519312144,0.05874782116228545,0.7929884307689259
F1bandwidth_sma3nz_stddevNorm,0.18958993380160663,0.23478740671122078,-0.424377340512827
F1amplitudeLogRelF0_sma3nz_amean,0.005591513408216452,-0.012148780156816455,0.00655726674859946
F1amplitudeLogRelF0_sma3nz_stddevNorm,0.11662513994912864,0.07646767218195785,-0.19309281213108506
F2frequency_sma3nz_amean,-0.2602924371147333,-0.028047185692310267,0.28833962280704145
F2frequency_sma3nz_stddevNorm,-0.4070048501676066,-0.36993401083754274,0.7769388610051516
F2bandwidth_sma3nz_amean,-0.07620460178675169,0.05744670467871181,0.018757897108039902
F2bandwidth_sma3nz_stddevNorm,0.026805226330379663,-0.12143137503577728,0.09462614870539404
F2amplitudeLogRelF0_sma3nz_amean,0.5815740581784992,-0.2713498789922112,-0.3102241791862921
F2amplitudeLogRelF0_sma3nz_stddevNorm,-0.47941670403967585,0.3068895364705458,0.17252716756912767
F3frequency_sma3nz_amean,-0.19157933789230774,0.02705535452693193,0.16452398336537902
F3frequency_sma3nz_stddevNorm,-0.05110455056839537,-0.04965489059936942,0.10075944116776522
F3bandwidth_sma3nz_amean,-0.0933809109783732,-0.09805092762410828,0.19143183860248023
F3bandwidth_sma3nz_stddevNorm,0.05178585633186053,-0.0695797850752408,0.01779392874337899
F3amplitudeLogRelF0_sma3nz_amean,0.3041758049544829,-0.0938521324379422,-0.2103236725165432
F3amplitudeLogRelF0_sma3nz_stddevNorm,0.6670205179189795,-0.40389882426297413,-0.2631216936560061
alphaRatioV_sma3nz_amean,0.5966774540682208,0.06968595024272224,-0.666363404310945
alphaRatioV_sma3nz_stddevNorm,0.23177289528663172,0.13846949024034835,-0.37024238552698047
hammarbergIndexV_sma3nz_amean,-0.17128144970245665,0.23351531573749995,-0.0622338660350421
hammarbergIndexV_sma3nz_stddevNorm,-0.477412999710792,0.08884889785892693,0.38856410185186535
slopeV0-500_sma3nz_amean,-0.38631259280616226,0.11241541345481315,0.2738971793513518
slopeV0-500_sma3nz_stddevNorm,-0.24783235862100533,0.04648586780321642,0.20134649081778955
slopeV500-1500_sma3nz_amean,-0.11781000559959838,-0.06626887045590915,0.18407887605550893
slopeV500-1500_sma3nz_stddevNorm,0.11844102259048837,0.14648464327057353,-0.2649256658610639
spectralFluxV_sma3nz_amean,-0.5706054761331489,0.10100763506357283,0.469597841069575
spectralFluxV_sma3nz_stddevNorm,-0.03484715903073618,-0.002392808711353887,0.03723996774208892
mfcc1V_sma3nz_amean,0.42011493251531085,-0.22104837340350983,-0.19906655911180143
mfcc1V_sma3nz_stddevNorm,0.01449022594391588,0.15122462421972965,-0.16571485016364537
mfcc2V_sma3nz_amean,0.22242699559249546,-0.3168885133038837,0.09446151771139065
mfcc2V_sma3nz_stddevNorm,-0.1217057769940818,-0.046215823310435354,0.1679216003045176
mfcc3V_sma3nz_amean,-0.2399897936912969,0.37109946760416457,-0.13110967391286735
mfcc3V_sma3nz_stddevNorm,0.14568345168247562,0.027085329529881182,-0.17276878121235736
mfcc4V_sma3nz_amean,-0.04567885471118152,-0.22474588400755743,0.2704247387187404
mfcc4V_sma3nz_stddevNorm,0.8161118686304552,-0.4042060163927418,-0.41190585223771387
alphaRatioUV_sma3nz_amean,0.014570181734823233,0.2285596765704811,-0.2431298583053049
hammarbergIndexUV_sma3nz_amean,-0.6931917700546629,0.7831013705688717,-0.0899096005142113
slopeUV0-500_sma3nz_amean,-0.3177089616499145,-0.39333121033311347,0.711040171983034
slopeUV500-1500_sma3nz_amean,0.27186880257658536,-0.2480316116699313,-0.023837190906653254
spectralFluxUV_sma3nz_amean,0.2923790268114377,0.21854938224898104,-0.5109284090604204
loudnessPeaksPerSec,-1.1728157997076087,0.26267890851395254,0.91013689119365
VoicedSegmentsPerSec,0.35018396530348234,-0.369007909837942,0.018823944534459038
MeanVoicedSegmentLengthSec,0.087697320257334,0.4565434130078611,-0.5442407332651947
StddevVoicedSegmentLengthSec,0.022165841700182914,-0.273583142576121,0.2514173008759372
MeanUnvoicedSegmentLength,0.8897650171681244,-0.5086887886076897,-0.3810762285604336
StddevUnvoicedSegmentLength,-0.17164879966511803,-0.1869957684152994,0.35864456808042006
equivalentSoundLevel_dBp,0.6863769764686568,-0.7916978898405632,0.1053209133719056
audio_duration_s,0.9263938220942218,-0.017278177285650637,-0.9091156448085748
rms_mean,-0.009385812717342297,0.7609877366805268,-0.7516019239631871
rms_std,0.588859123253907,0.5844356091466111,-1.1732947324005214
rms_range,0.305188488184533,-0.47172308194070445,0.16653459375617388
