feature,mean_macro_f1_drop,sd_across_fold_repeats
F0semitoneFrom27.5Hz_sma3nz_pctlrange0-2,0.02577060101612514,0.023017628700119662
audio_duration_s,0.025327590933938448,0.03265132668920219
loudness_sma3_meanFallingSlope,0.011162260405757927,0.015294139717643063
loudnessPeaksPerSec,0.009696272104191545,0.02950408721455137
VoicedSegmentsPerSec,0.009146931087877137,0.021424149920105866
slopeV500-1500_sma3nz_amean,0.00758894398035959,0.011589476686958412
StddevVoicedSegmentLengthSec,0.007552131795746066,0.009359928673957458
MeanUnvoicedSegmentLength,0.0070934042815522244,0.01316715025762746
jitterLocal_sma3nz_amean,0.005778554933612297,0.011540401339274982
loudness_sma3_meanRisingSlope,0.005712574928052945,0.014191359602670294
slopeUV0-500_sma3nz_amean,0.005553362758126444,0.009964912856966912
hammarbergIndexV_sma3nz_stddevNorm,0.005522817557955819,0.01011132263101696
mfcc4V_sma3nz_stddevNorm,0.005261356664217929,0.010995930901911467
StddevUnvoicedSegmentLength,0.004949591343951556,0.006780567059842669
logRelF0-H1-A3_sma3nz_stddevNorm,0.0048203642474691265,0.00700895792005662
spectralFluxV_sma3nz_stddevNorm,0.004466842281873693,0.005787075333157564
shimmerLocaldB_sma3nz_stddevNorm,0.0044344665093800015,0.008132842561445993
spectralFluxV_sma3nz_amean,0.004396897099544241,0.0051737680485159565
MeanVoicedSegmentLengthSec,0.004311305685969158,0.017447914024780787
mfcc2_sma3_stddevNorm,0.003996043066502861,0.008295549658297095
mfcc3_sma3_amean,0.0038270114493678476,0.007829818670029394
loudness_sma3_stddevRisingSlope,0.0037424746339212024,0.0067916946750053555
hammarbergIndexV_sma3nz_amean,0.0036430828441022856,0.009553819394749197
loudness_sma3_stddevFallingSlope,0.0035309241259310654,0.021377189277684137
F3bandwidth_sma3nz_stddevNorm,0.003442341610557755,0.006336820723299057
spectralFlux_sma3_amean,0.0030980340934244487,0.009418154483547185
loudness_sma3_percentile50.0,0.0030573008215474397,0.0051221644698841
loudness_sma3_percentile20.0,0.0027508948157180056,0.004068178105441444
F3amplitudeLogRelF0_sma3nz_stddevNorm,0.0026708001657101475,0.006154552082425135
slopeV500-1500_sma3nz_stddevNorm,0.0026505398682682736,0.010393207558937599
F3frequency_sma3nz_amean,0.0026019636800883993,0.007476894052514923
F1bandwidth_sma3nz_amean,0.002506887986599855,0.006935001365252797
slopeV0-500_sma3nz_stddevNorm,0.002500026705848342,0.01620130190086751
loudness_sma3_stddevNorm,0.002492171038322444,0.008752034278424215
mfcc4V_sma3nz_amean,0.002452767045408426,0.006594113676322048
slopeUV500-1500_sma3nz_amean,0.002392579797651457,0.011735261751689522
mfcc3V_sma3nz_stddevNorm,0.002218873608743377,0.004926501102566488
mfcc2V_sma3nz_stddevNorm,0.0020679098345104973,0.010000604000672177
F0semitoneFrom27.5Hz_sma3nz_meanFallingSlope,0.0020095085214526564,0.011050692201576076
F3bandwidth_sma3nz_amean,0.0019322054916803433,0.004754123066076698
mfcc2V_sma3nz_amean,0.0019262651672587695,0.00711533784028815
F0semitoneFrom27.5Hz_sma3nz_percentile20.0,0.0018873725304034172,0.011492925412343412
mfcc3_sma3_stddevNorm,0.0018686469503388149,0.004926478683516527
equivalentSoundLevel_dBp,0.001717816247634274,0.00804687334710549
mfcc2_sma3_amean,0.001638809828518446,0.006883032524164768
alphaRatioV_sma3nz_amean,0.0016222237599904732,0.006893133111075293
rms_mean,0.0015051362326374252,0.004478290132559922
F0semitoneFrom27.5Hz_sma3nz_stddevFallingSlope,0.0014405097910062058,0.004619051112964751
logRelF0-H1-H2_sma3nz_stddevNorm,0.0013768017967734103,0.007546765829371309
slopeV0-500_sma3nz_amean,0.0013509186342998314,0.007940277287052915
alphaRatioV_sma3nz_stddevNorm,0.0013389618729211029,0.008210539003293101
alphaRatioUV_sma3nz_amean,0.001334492426403906,0.008162765070721585
mfcc4_sma3_stddevNorm,0.0012250620340024242,0.009935082175427202
F2bandwidth_sma3nz_stddevNorm,0.0011137674361309813,0.005982304912328738
loudness_sma3_amean,0.0011046121000258147,0.0057704430931301036
F0semitoneFrom27.5Hz_sma3nz_stddevNorm,0.001006820077124284,0.008199817545626743
F0semitoneFrom27.5Hz_sma3nz_meanRisingSlope,0.0009087023783635307,0.004078420506629174
spectralFluxUV_sma3nz_amean,0.0007098723068418921,0.006406528919054909
F1amplitudeLogRelF0_sma3nz_amean,0.0006408587597430726,0.0076809203149321385
loudness_sma3_pctlrange0-2,0.000618069114134725,0.009413296150669472
HNRdBACF_sma3nz_amean,0.0004520123388290287,0.008808220229502594
loudness_sma3_percentile80.0,0.000387166334065352,0.006040377272845547
F0semitoneFrom27.5Hz_sma3nz_percentile50.0,0.0003221274911146521,0.00997488586750045
F3amplitudeLogRelF0_sma3nz_amean,0.0002665751261578553,0.00451199058190585
F3frequency_sma3nz_stddevNorm,8.967312560610009e-05,0.00757349364037472
hammarbergIndexUV_sma3nz_amean,5.218455523600785e-05,0.008551965454416928
F2bandwidth_sma3nz_amean,-4.4946492475173014e-05,0.006496555384001412
mfcc1_sma3_amean,-8.606108448053096e-05,0.009229845345850304
mfcc3V_sma3nz_amean,-0.000432941491252663,0.006815986023154511
F2amplitudeLogRelF0_sma3nz_amean,-0.00047958626238879363,0.005780355418217986
F2frequency_sma3nz_amean,-0.0005113677525334559,0.006987341657733516
F2amplitudeLogRelF0_sma3nz_stddevNorm,-0.0005859085804152331,0.006179280473466746
F1frequency_sma3nz_amean,-0.0006728822520229372,0.005135223210456094
F0semitoneFrom27.5Hz_sma3nz_amean,-0.0007874457780225175,0.00691746286046828
F2frequency_sma3nz_stddevNorm,-0.0008585267285839881,0.012090277272248309
F1amplitudeLogRelF0_sma3nz_stddevNorm,-0.000900941833890343,0.006679897144817682
rms_std,-0.0010628607477709017,0.005743563281818811
spectralFlux_sma3_stddevNorm,-0.0010782430798600329,0.005735431298625609
F1bandwidth_sma3nz_stddevNorm,-0.0011359220468963205,0.009384891711164427
F0semitoneFrom27.5Hz_sma3nz_percentile80.0,-0.0015361830338122885,0.010907279420724423
mfcc1_sma3_stddevNorm,-0.0015936777970870653,0.007053383315650333
F1frequency_sma3nz_stddevNorm,-0.0016042675617440505,0.009333486387846188
jitterLocal_sma3nz_stddevNorm,-0.001913855270365228,0.006851513149743988
mfcc4_sma3_amean,-0.002227485035964971,0.005993785674085342
rms_range,-0.0025956211863076726,0.005954861213876832
F0semitoneFrom27.5Hz_sma3nz_stddevRisingSlope,-0.0027010480475031383,0.005543710292130365
HNRdBACF_sma3nz_stddevNorm,-0.0027832504539063675,0.009209053951494055
mfcc1V_sma3nz_stddevNorm,-0.0035709065731024305,0.007316247464308909
mfcc1V_sma3nz_amean,-0.0037481218951077367,0.011572658712047086
shimmerLocaldB_sma3nz_amean,-0.0038861832548574117,0.005173741266373733
logRelF0-H1-A3_sma3nz_amean,-0.004113125590556313,0.006460784166805062
logRelF0-H1-H2_sma3nz_amean,-0.0060936731800507625,0.005018255984427119
